{"version":1,"lastPerfBoundaries":[0.001,0.002,0.004,0.006,0.008,0.01,0.015,0.02,0.03,0.05,0.07,0.1,0.15,0.25,"+Inf"],"log":[{"ts":1759621732620,"type":"svBoot","duration":5},{"ts":1759621798257,"type":"data","players":0,"fxsMemory":217.32,"nodeMemory":13.87,"perf":{"svSync":{"count":8146,"sum":0.02500000000000002,"buckets":[8145,1,0,0,0,0,0,0,0,0,0,0,0,0,0]},"svNetwork":{"count":6638,"sum":0.04100000000000003,"buckets":[6637,1,0,0,0,0,0,0,0,0,0,0,0,0,0]},"svMain":{"count":1282,"sum":1.674999999999948,"buckets":[1087,167,21,2,0,1,1,0,2,0,0,0,1,0,0]}}},{"ts":1759622158271,"type":"data","players":0,"fxsMemory":219.87,"nodeMemory":14.11,"perf":{"svSync":{"count":41474,"sum":0.2660000000000002,"buckets":[41464,5,4,0,0,0,1,0,0,0,0,0,0,0,0]},"svNetwork":{"count":33854,"sum":0.40800000000000025,"buckets":[33833,10,5,3,0,0,1,2,0,0,0,0,0,0,0]},"svMain":{"count":6933,"sum":8.826000000000203,"buckets":[5779,967,131,22,8,3,4,4,15,0,0,0,0,0,0]}}}]}